use [RadioStreamerDB]

SET IDENTITY_INSERT dbo.Tag ON

INSERT INTO [dbo].[Tag] (Id, Name) VALUES
    (1,'Ogólnopolskie'),
    (2,'Hity na Czasie'),
    (3,'Muzyka Klasyczna'),
    (4,'Rock'),
    (5,'Lata 80-00s'),
    (6,'Blues&Jazz'),
    (7,'Reggae'),
    (8,'Muzyka Klubowa'),
    (9,'Disco Polo'),
    (10,'Chillout'),
    (11,'R&B'),
    (12,'Hard Rock'),
    (13,'Polskie Stacje'),
    (14,'Zagraniczne Stacje'),
    (15,'Retro'),
    (16,'Nowoœci'),
    (17,'Muzyka Taneczna'),
    (18,'Klasyczne Brzmienia'),
    (19,'Relax'),
    (20,'Na Poprawê Nastroju'),
    (21,'Do Æwiczeñ'),
	(22,'Muzyka filmowa'),
	(23,'Muzyka z gier'),
	(24,'Azjatyckie');
   
 
SET IDENTITY_INSERT dbo.Tag OFF
  
 
----------------------------------------------

SET IDENTITY_INSERT dbo.Channel ON

INSERT INTO [dbo].[Channel] (Id, Name, PageUrl, StreamUrl) VALUES
    (1,'RMF FM','http://www.rmf.fm/','http://195.150.20.4:8000/rmf_fm'),
    (2,'RMF FM Classic','http://www.rmfclassic.pl/','http://195.150.20.4:8000/rmf_classic'),
    (3,'RMF Max','http://www.rmfmaxxx.pl/','http://195.150.20.4:8000/rmf_maxxx'),
    (4,'Radio ZET','http://www.radiozet.pl/','http://redir.atmcdn.pl/sc/o2/Eurozet/live/audio.livx?audio=5'),
    (5,'ESKA Warszawa','http://www.eskago.pl/radio/eska-warszawa','http://waw04.ic2.scdn.smcloud.net/t042-1.mp3'),
    (6,'Radio Z³ote Przeboje','http://zloteprzeboje.tuba.pl/zloteprzeboje/0,0.html','http://poznan5-6.radio.pionier.net.pl:8000/tuba9-1.mp3'),
    (7,'Rock Radio','http://rockradio.tuba.pl/RockRadio/0,0.html','http://gdansk.radio.pionier.net.pl:8000/pl/roxyfm.ogg'),
    (8,'AntyRadio','http://www.antyradio.pl/','http://redir.atmcdn.pl/sc/o2/Eurozet/live/antyradio.livx?audio=5'),
    (9,'RMF Blues','http://www.rmfon.pl/play,39','http://195.150.20.4:8000/rmf_blues'),
    (10,'RMF Reggae','http://www.rmfon.pl/play,40','http://195.150.20.4:8000/rmf_reggae'),
    (11,'RMF Smoth Jazz','http://www.rmfon.pl/play,16','http://195.150.20.4:8000/rmf_smooth_jazz'),
    (12,'RMF Classic Rock','http://www.rmfon.pl/play,2','http://195.150.20.4:8000/rmf_classic_rock'),
    (13,'Eska Rock','http://www.eskarock.pl/','http://waw04.ic2.scdn.smcloud.net/t041-1.mp3'),
    (14,'RMF Party','http://www.rmfon.pl/play,23','http://195.150.20.5:8000/rmf_party'),
    (15,'PolskaStacja Tylko Rock','http://polskatylkorock.radio.pl/','http://stream.polskastacja.pl/ps5_mp3?player_group=PS_EXT_MP3'),
    (16,'PolskaStacja Club Hits','http://www.polskastacja.pl/radiochannel/Club+HITS.htm','http://stream.polskastacja.pl/ps29_mp3?player_group=PS_EXT_MP3'),
    (17,'PolskaStacja Muzyka Filmowa','http://www.polskastacja.pl/radiochannel/Muzyka+filmowa.htm','http://stream.polskastacja.pl/ps12_mp3?player_group=PS_EXT_MP3'),
    (18,'PolskaStacja RnB','http://www.polskastacja.pl/radiochannel/RnB.htm','http://stream.polskastacja.pl/ps39_mp3?player_group=PS_EXT_MP3'),
    (19,'PolskaStacja Disco Polo','http://www.polskastacja.pl/radiochannel/Disco+Polo.htm','http://stream.polskastacja.pl/ps14?player_group=PS_EXT_AAC'),
    (20,'Tok FM','http://www.tokfm.pl/Tokfm/0,0.html','http://warszawa1-2.radio.pionier.net.pl:8000/pl/radiotok.ogg'),
    (21,'OpenFM Classic Rock','http://open.fm/play/32','http://gr-relay-6.gaduradio.pl/32'),
    (22,'OpenFM House','http://open.fm/play/5','http://gr-relay-6.gaduradio.pl/5'),
    (23,'OpenFM Disco Polo','http://open.fm/play/21','http://gr-relay-6.gaduradio.pl/21'),
    (24,'OpenFM 90s Hits','http://open.fm/play/14','http://gr-relay-6.gaduradio.pl/14'),
    (25,'OpenFM 80s Hits','http://open.fm/play/3','http://gr-relay-6.gaduradio.pl/3'),
    (26,'OpenFM 00s Hits','http://open.fm/play/72','http://gr-relay-6.gaduradio.pl/72'),
    (27,'OpenFM Rocks','http://open.fm/play/77','http://gr-relay-6.gaduradio.pl/77'),
    (28,'OpenFM Alt Classic','http://open.fm/play/43','http://gr-relay-6.gaduradio.pl/43'),
    (29,'Open FM Chillout','http://open.fm/play/33','http://gr-relay-6.gaduradio.pl/33'),
    (30,'MusicFM','http://www.music-fm.de/','http://stream3.laut.fm/musicfm'),
    (31,'Record Rock','http://www.radiorecord.ru/','http://air.radiorecord.ru:8102/rock_320'),
	(32,'Gensokyo Radio','https://gensokyoradio.net/', 'http://stream.gensokyoradio.net:8000/stream/1/'),
	(33,'VGM Radio','https://vgmradio.com/','http://radio.vgmradio.com:8040/stream');

SET IDENTITY_INSERT dbo.Channel OFF
    
----------------------------------------------

SET IDENTITY_INSERT dbo.TagsChannels ON

INSERT INTO [TagsChannels] (id, ChannelId, TagId) VALUES
    (1,1,1),
    (2,1,13),
    (3,1,16),
    (4,1,18),
    (5,2,3),
    (6,2,13),
    (7,2,15),
    (8,2,19),
    (9,3,2),
    (10,3,13),
    (11,3,16),
    (12,3,20),
    (13,3,21),
    (14,4,1),
    (15,4,13),
    (16,4,16),
    (17,4,18),
    (18,5,2),
    (19,5,13),
    (20,5,16),
    (21,5,20),
    (22,5,21),
    (23,6,5),
    (24,6,13),
    (25,6,15),
    (26,6,17),
    (27,6,18),
    (28,6,20),
    (29,7,4),
    (30,7,13),
    (31,7,16),
    (32,7,20),
    (33,8,12),
    (34,8,13),
    (35,8,16),
    (36,8,21),
    (37,9,6),
    (38,9,13),
    (39,9,17),
    (40,9,18),
    (41,9,21),
    (42,10,7),
    (43,10,13),
    (44,10,19),
    (45,10,20),
    (46,10,21),
    (47,11,6),
    (48,11,13),
    (49,11,15),
    (50,11,19),
    (51,12,4),
    (52,12,13),
    (53,12,15),
    (54,12,18),
    (55,12,20),
    (56,13,4),
    (57,13,13),
    (58,13,16),
    (59,13,20),
    (60,13,21),
    (61,14,8),
    (62,14,13),
    (63,14,17),
    (64,14,21),
    (65,15,4),
    (66,15,13),
    (67,15,18),
    (68,15,19),
    (69,15,21),
    (70,16,8),
    (71,16,13),
    (72,16,17),
    (73,16,21),
    (74,17,3),
    (75,17,13),
    (76,17,19),
    (77,18,11),
    (78,18,13),
    (79,18,16),
    (80,18,17),
    (81,18,18),
    (82,18,20),
    (83,18,21),
    (84,19,9),
    (85,19,13),
    (86,19,16),
    (87,19,17),
    (88,19,20),
    (89,20,1),
    (90,20,13),
    (91,20,18),
    (92,21,4),
    (93,21,13),
    (94,21,15),
    (95,21,18),
    (96,21,19),
    (97,21,20),
    (98,22,8),
    (99,22,13),
    (100,22,16),
    (101,22,17),
    (102,22,20),
    (103,22,21),
    (104,23,9),
    (105,23,13),
    (106,23,17),
    (107,23,20),
    (108,24,5),
    (109,24,13),
    (110,24,15),
    (111,24,17),
    (112,25,5),
    (113,25,13),
    (114,25,15),
    (115,25,20),
    (116,26,5),
    (117,26,13),
    (118,26,17),
    (119,26,21),
    (120,27,12),
    (121,27,13),
    (122,27,16),
    (123,27,21),
    (124,28,10),
    (125,28,13),
    (126,28,15),
    (127,28,18),
    (128,28,19),
    (129,29,10),
    (130,29,13),
    (131,29,17),
    (132,29,19),
    (133,29,20),
    (134,30,2),
    (135,30,16),
    (136,30,14),
    (137,30,20),
    (138,30,21),
    (139,31,12),
    (140,31,14),
    (141,31,18),
	(142,32,14),
	(143,32,23),
	(144,32,24),
	(145,33,14),
	(146,33,15),
	(147,33,19),
	(148,33,23);
	
	
SET IDENTITY_INSERT dbo.TagsChannels OFF